
insert into HEROES (id, name, forename, company) values (1, 'Adeline', 'Adeline Haggerwood', 'MARVEL');
insert into HEROES (id, name, forename, company) values (2, 'Goldi', 'Goldi Ecob', 'DC');
insert into HEROES (id, name, forename, company) values (3, 'Josi', 'Josi Kryszka', 'DC');
insert into HEROES (id, name, forename, company) values (4, 'Farra', 'Farra Dranfield', 'DC');
insert into HEROES (id, name, forename, company) values (5, 'Delinda', 'Delinda Nother', 'MARVEL');
insert into HEROES (id, name, forename, company) values (6, 'Enriqueta', 'Enriqueta Jennrich', 'MARVEL');
insert into HEROES (id, name, forename, company) values (7, 'Benny', 'Benny O''Geneay', 'DC');
insert into HEROES (id, name, forename, company) values (8, 'Lanette', 'Lanette Shiell', 'MARVEL');
insert into HEROES (id, name, forename, company) values (9, 'Fidel', 'Fidel Spary', 'DC');
insert into HEROES (id, name, forename, company) values (10, 'Trueman', 'Trueman Connachan', 'MARVEL');
insert into HEROES (id, name, forename, company) values (11, 'Shandeigh', 'Shandeigh Dossett', 'MARVEL');
insert into HEROES (id, name, forename, company) values (12, 'Cherilynn', 'Cherilynn Dorn', 'MARVEL');
insert into HEROES (id, name, forename, company) values (13, 'Beverie', 'Beverie Beaby', 'DC');
insert into HEROES (id, name, forename, company) values (14, 'Anita', 'Anita Gasparro', 'MARVEL');
insert into HEROES (id, name, forename, company) values (15, 'Amelie', 'Amelie Tellett', 'MARVEL');
insert into HEROES (id, name, forename, company) values (16, 'Felicdad', 'Felicdad Juett', 'MARVEL');
insert into HEROES (id, name, forename, company) values (17, 'Lalo', 'Lalo Povah', 'MARVEL');
insert into HEROES (id, name, forename, company) values (18, 'Lindsay', 'Lindsay Aimson', 'MARVEL');
insert into HEROES (id, name, forename, company) values (19, 'Mead', 'Mead Stickels', 'DC');
insert into HEROES (id, name, forename, company) values (20, 'Bobbe', 'Bobbe Webberley', 'MARVEL');


insert into SUPER_POWERS (id, name) values (2, 'invisibilidad');
insert into SUPER_POWERS (id, name) values (3, 'super velocidad');
insert into SUPER_POWERS (id, name) values (4, 'cambio de forma');
insert into SUPER_POWERS (id, name) values (5, 'super fuerza-Dox');
insert into SUPER_POWERS (id, name) values (6, 'volar');
insert into SUPER_POWERS (id, name) values (7, 'super sentidos');
insert into SUPER_POWERS (id, name) values (8, 'telepatia');
insert into SUPER_POWERS (id, name) values (9, 'telequinesis');
insert into SUPER_POWERS (id, name) values (10, 'teleportacion');
insert into SUPER_POWERS (id, name) values (11, 'regeneracion');
insert into SUPER_POWERS (id, name) values (12, 'super eslaticidad');
insert into SUPER_POWERS (id, name) values (13, 'manipulacion de elementos');
insert into SUPER_POWERS (id, name) values (14, 'vision de rayos x');
insert into SUPER_POWERS (id, name) values (15, 'riqueza');


insert into HEROES_SUPER_POWERS (hero_id, super_power_id) values (12, 1);
insert into HEROES_SUPER_POWERS (hero_id, super_power_id) values (17, 10);
insert into HEROES_SUPER_POWERS (hero_id, super_power_id) values (15, 15);
insert into HEROES_SUPER_POWERS (hero_id, super_power_id) values (2, 14);
insert into HEROES_SUPER_POWERS (hero_id, super_power_id) values (16, 14);
insert into HEROES_SUPER_POWERS (hero_id, super_power_id) values (1, 11);
insert into HEROES_SUPER_POWERS (hero_id, super_power_id) values (2, 13);
insert into HEROES_SUPER_POWERS (hero_id, super_power_id) values (4, 12);
insert into HEROES_SUPER_POWERS (hero_id, super_power_id) values (3, 10);
insert into HEROES_SUPER_POWERS (hero_id, super_power_id) values (16, 14);
insert into HEROES_SUPER_POWERS (hero_id, super_power_id) values (11, 4);
insert into HEROES_SUPER_POWERS (hero_id, super_power_id) values (20, 5);
insert into HEROES_SUPER_POWERS (hero_id, super_power_id) values (15, 7);
insert into HEROES_SUPER_POWERS (hero_id, super_power_id) values (10, 8);
insert into HEROES_SUPER_POWERS (hero_id, super_power_id) values (5, 12);
insert into HEROES_SUPER_POWERS (hero_id, super_power_id) values (11, 1);
insert into HEROES_SUPER_POWERS (hero_id, super_power_id) values (4, 4);
insert into HEROES_SUPER_POWERS (hero_id, super_power_id) values (2, 13);
insert into HEROES_SUPER_POWERS (hero_id, super_power_id) values (19, 8);
insert into HEROES_SUPER_POWERS (hero_id, super_power_id) values (19, 2);
insert into HEROES_SUPER_POWERS (hero_id, super_power_id) values (2, 5);
insert into HEROES_SUPER_POWERS (hero_id, super_power_id) values (11, 10);
insert into HEROES_SUPER_POWERS (hero_id, super_power_id) values (2, 3);
insert into HEROES_SUPER_POWERS (hero_id, super_power_id) values (17, 2);
insert into HEROES_SUPER_POWERS (hero_id, super_power_id) values (15, 11);
insert into HEROES_SUPER_POWERS (hero_id, super_power_id) values (10, 1);
insert into HEROES_SUPER_POWERS (hero_id, super_power_id) values (1, 4);
insert into HEROES_SUPER_POWERS (hero_id, super_power_id) values (11, 7);
insert into HEROES_SUPER_POWERS (hero_id, super_power_id) values (5, 15);
insert into HEROES_SUPER_POWERS (hero_id, super_power_id) values (17, 4);
insert into HEROES_SUPER_POWERS (hero_id, super_power_id) values (3, 5);
insert into HEROES_SUPER_POWERS (hero_id, super_power_id) values (20, 8);
insert into HEROES_SUPER_POWERS (hero_id, super_power_id) values (15, 5);
insert into HEROES_SUPER_POWERS (hero_id, super_power_id) values (2, 15);
insert into HEROES_SUPER_POWERS (hero_id, super_power_id) values (7, 1);
insert into HEROES_SUPER_POWERS (hero_id, super_power_id) values (4, 3);
insert into HEROES_SUPER_POWERS (hero_id, super_power_id) values (15, 9);
insert into HEROES_SUPER_POWERS (hero_id, super_power_id) values (13, 14);
insert into HEROES_SUPER_POWERS (hero_id, super_power_id) values (17, 4);
insert into HEROES_SUPER_POWERS (hero_id, super_power_id) values (4, 6);
insert into HEROES_SUPER_POWERS (hero_id, super_power_id) values (6, 3);
insert into HEROES_SUPER_POWERS (hero_id, super_power_id) values (15, 8);
insert into HEROES_SUPER_POWERS (hero_id, super_power_id) values (18, 7);
insert into HEROES_SUPER_POWERS (hero_id, super_power_id) values (2, 6);
insert into HEROES_SUPER_POWERS (hero_id, super_power_id) values (3, 4);
insert into HEROES_SUPER_POWERS (hero_id, super_power_id) values (4, 2);
insert into HEROES_SUPER_POWERS (hero_id, super_power_id) values (17, 13);
insert into HEROES_SUPER_POWERS (hero_id, super_power_id) values (5, 11);
insert into HEROES_SUPER_POWERS (hero_id, super_power_id) values (9, 12);
insert into HEROES_SUPER_POWERS (hero_id, super_power_id) values (6, 3);
insert into HEROES_SUPER_POWERS (hero_id, super_power_id) values (6, 13);
insert into HEROES_SUPER_POWERS (hero_id, super_power_id) values (7, 11);
insert into HEROES_SUPER_POWERS (hero_id, super_power_id) values (9, 6);
insert into HEROES_SUPER_POWERS (hero_id, super_power_id) values (20, 1);
insert into HEROES_SUPER_POWERS (hero_id, super_power_id) values (19, 7);
insert into HEROES_SUPER_POWERS (hero_id, super_power_id) values (9, 9);
insert into HEROES_SUPER_POWERS (hero_id, super_power_id) values (1, 10);
insert into HEROES_SUPER_POWERS (hero_id, super_power_id) values (4, 14);
insert into HEROES_SUPER_POWERS (hero_id, super_power_id) values (3, 9);
insert into HEROES_SUPER_POWERS (hero_id, super_power_id) values (15, 14);
insert into HEROES_SUPER_POWERS (hero_id, super_power_id) values (10, 14);
insert into HEROES_SUPER_POWERS (hero_id, super_power_id) values (5, 15);
insert into HEROES_SUPER_POWERS (hero_id, super_power_id) values (8, 15);
insert into HEROES_SUPER_POWERS (hero_id, super_power_id) values (7, 5);
insert into HEROES_SUPER_POWERS (hero_id, super_power_id) values (12, 5);
insert into HEROES_SUPER_POWERS (hero_id, super_power_id) values (12, 6);
insert into HEROES_SUPER_POWERS (hero_id, super_power_id) values (8, 1);
insert into HEROES_SUPER_POWERS (hero_id, super_power_id) values (17, 5);
insert into HEROES_SUPER_POWERS (hero_id, super_power_id) values (20, 13);
insert into HEROES_SUPER_POWERS (hero_id, super_power_id) values (3, 5);
insert into HEROES_SUPER_POWERS (hero_id, super_power_id) values (10, 8);
insert into HEROES_SUPER_POWERS (hero_id, super_power_id) values (19, 15);
insert into HEROES_SUPER_POWERS (hero_id, super_power_id) values (11, 9);
insert into HEROES_SUPER_POWERS (hero_id, super_power_id) values (10, 12);
insert into HEROES_SUPER_POWERS (hero_id, super_power_id) values (7, 12);
insert into HEROES_SUPER_POWERS (hero_id, super_power_id) values (3, 4);
insert into HEROES_SUPER_POWERS (hero_id, super_power_id) values (13, 3);
insert into HEROES_SUPER_POWERS (hero_id, super_power_id) values (13, 12);
insert into HEROES_SUPER_POWERS (hero_id, super_power_id) values (14, 14);
insert into HEROES_SUPER_POWERS (hero_id, super_power_id) values (20, 7);


insert into USERS (id, username, password, roles) values (1, 'user1', 'testing', 'ROLE_ADMIN');
insert into USERS (id, username, password, roles) values (2, 'user2', 'testing', 'ROLE_USER');

